candidate_id,query_family,query_text,hypothesis,decision,review_notes
repl_09,replacement_availability,"""replacement parts"" ""not available""","Tests plain-language part unavailability without stock-news bias.",pending,
repl_10,replacement_availability,"""no replacement parts available""","High-precision wording for repair supply failures.",pending,
repl_11,replacement_availability,"""can't get replacement parts""","Consumer wording for inaccessible spares.",pending,
repl_12,replacement_availability,"""replacement part"" ""impossible to find""","Tests severe availability friction with a concrete object anchor.",pending,
repl_13,replacement_availability,"""replacement part"" ""not sold""","Finds items unsupported by the original manufacturer.",pending,
repl_14,replacement_availability,"""can't find"" ""spare part""","Tests shorter non-US wording for unavailable spares.",pending,
repl_15,replacement_availability,"""need a replacement part"" ""out of stock""","Combines direct need with availability evidence.",pending,
repl_16,replacement_availability,"""replacement part"" ""no longer available""","Targets discontinued support that may enable aftermarket solutions.",pending,
fit_07,fit_accessory,"""doesn't fit"" ""mount""","Tests a clearly physical form-factor mismatch.",pending,
fit_08,fit_accessory,"""doesn't fit"" ""holder""","Tests accessory-holder fit needs without generic adapter searches.",pending,
fit_09,fit_accessory,"""not compatible"" ""replacement part"" -software","Tests physical mismatch that blocks repair.",pending,
fit_10,fit_accessory,"""no adapter exists"" -software","Tests explicit unmet compatibility demand.",pending,
fit_11,fit_accessory,"""replacement part doesn't fit""","Tests defective or poorly specified aftermarket components.",pending,
work_08,causal_workaround,"""3D printed a replacement""","Direct replacement wording should reduce showcase-only posts.",pending,
work_09,causal_workaround,"""made my own replacement""","Tests supply-constrained self-made replacements.",pending,
work_10,causal_workaround,"""fabricated a replacement part""","Tests repair-driven fabrication language.",pending,
work_11,causal_workaround,"""temporary fix"" ""replacement part""","Surfaces improvised fixes awaiting a real replacement.",pending,
work_12,causal_workaround,"""replacement part"" ""used zip ties""","Makes the workaround explicitly part-related.",pending,
failure_07,repeat_failure,"""design flaw"" ""replacement part""","Tests recurring defects where a redesigned replacement might work.",pending,
failure_08,repeat_failure,"""keeps breaking"" ""design flaw""","Tests repeated failures that users attribute to product design.",pending,
failure_09,repeat_failure,"""broke after"" ""replacement part""","Tests short-lived replacement components.",pending,
failure_10,repeat_failure,"""failed again"" ""replacement part""","Tests repeated component failure with repair intent.",pending,
price_06,price_availability,"""replacement part"" ""ridiculously expensive""","Tests price pain tied specifically to a tangible spare part.",pending,
price_07,price_availability,"""replacement part"" ""overpriced""","Tests direct part-price complaints without generic price discourse.",pending,
price_08,price_availability,"""replacement part"" ""out of stock everywhere""","Tests broad stock scarcity of a concrete replacement.",pending,
price_09,price_availability,"""replacement parts are expensive""","Tests a natural user phrase for high spare-part cost.",pending,
